{
    "name": "root",
    "gauges": {
        "CarControll.Policy.Entropy.mean": {
            "value": 0.486188679933548,
            "min": 0.4832303524017334,
            "max": 2.1715822219848633,
            "count": 39
        },
        "CarControll.Policy.Entropy.sum": {
            "value": 48915.9296875,
            "min": 48292.109375,
            "max": 218621.875,
            "count": 39
        },
        "CarControll.Step.mean": {
            "value": 3899895.0,
            "min": 99888.0,
            "max": 3899895.0,
            "count": 39
        },
        "CarControll.Step.sum": {
            "value": 3899895.0,
            "min": 99888.0,
            "max": 3899895.0,
            "count": 39
        },
        "CarControll.Policy.ExtrinsicValueEstimate.mean": {
            "value": 168.22093200683594,
            "min": -29.088603973388672,
            "max": 170.2689666748047,
            "count": 39
        },
        "CarControll.Policy.ExtrinsicValueEstimate.sum": {
            "value": 139959.8125,
            "min": -24376.25,
            "max": 142515.125,
            "count": 39
        },
        "CarControll.Environment.EpisodeLength.mean": {
            "value": 1199.0,
            "min": 1198.888888888889,
            "max": 1199.0,
            "count": 39
        },
        "CarControll.Environment.EpisodeLength.sum": {
            "value": 97119.0,
            "min": 97110.0,
            "max": 107910.0,
            "count": 39
        },
        "CarControll.Environment.CumulativeReward.mean": {
            "value": 1947.779882972623,
            "min": -409.2613808784956,
            "max": 2015.185076438056,
            "count": 39
        },
        "CarControll.Environment.CumulativeReward.sum": {
            "value": 157770.17052078247,
            "min": -33150.17185115814,
            "max": 181366.65687942505,
            "count": 39
        },
        "CarControll.Policy.ExtrinsicReward.mean": {
            "value": 1947.779882972623,
            "min": -409.2613808784956,
            "max": 2015.185076438056,
            "count": 39
        },
        "CarControll.Policy.ExtrinsicReward.sum": {
            "value": 157770.17052078247,
            "min": -33150.17185115814,
            "max": 181366.65687942505,
            "count": 39
        },
        "CarControll.Losses.PolicyLoss.mean": {
            "value": 0.016768819439845782,
            "min": 0.01445991006330587,
            "max": 0.019625376844002555,
            "count": 39
        },
        "CarControll.Losses.PolicyLoss.sum": {
            "value": 0.0838440971992289,
            "min": 0.05783964025322348,
            "max": 0.09496635211010773,
            "count": 39
        },
        "CarControll.Losses.ValueLoss.mean": {
            "value": 98.17194300333658,
            "min": 7.9734168907006575,
            "max": 347.75048446655273,
            "count": 39
        },
        "CarControll.Losses.ValueLoss.sum": {
            "value": 490.8597150166829,
            "min": 31.89366756280263,
            "max": 1704.6662679036458,
            "count": 39
        },
        "CarControll.Policy.LearningRate.mean": {
            "value": 6.940765686413999e-05,
            "min": 6.940765686413999e-05,
            "max": 0.00029678592107135996,
            "count": 39
        },
        "CarControll.Policy.LearningRate.sum": {
            "value": 0.00034703828432069994,
            "min": 0.00030095861968056,
            "max": 0.0014547696150768001,
            "count": 39
        },
        "CarControll.Policy.Epsilon.mean": {
            "value": 0.12313586000000003,
            "min": 0.12313586000000003,
            "max": 0.19892864000000002,
            "count": 39
        },
        "CarControll.Policy.Epsilon.sum": {
            "value": 0.6156793000000002,
            "min": 0.5003194400000002,
            "max": 0.9849232000000002,
            "count": 39
        },
        "CarControll.Policy.Beta.mean": {
            "value": 0.001164479414,
            "min": 0.001164479414,
            "max": 0.004946539136,
            "count": 39
        },
        "CarControll.Policy.Beta.sum": {
            "value": 0.00582239707,
            "min": 0.005045940056000002,
            "max": 0.02424766768,
            "count": 39
        },
        "CarControll.IsTraining.mean": {
            "value": 1.0,
            "min": 1.0,
            "max": 1.0,
            "count": 39
        },
        "CarControll.IsTraining.sum": {
            "value": 1.0,
            "min": 1.0,
            "max": 1.0,
            "count": 39
        }
    },
    "metadata": {
        "timer_format_version": "0.1.0",
        "start_time_seconds": "1713866320",
        "python_version": "3.7.9 (tags/v3.7.9:13c94747c7, Aug 17 2020, 16:30:00) [MSC v.1900 64 bit (AMD64)]",
        "command_line_arguments": "D:\\Unity\\Ai Car Racing\\venv\\Scripts\\mlagents-learn config/car_controll-ppo.yaml --run-id=car_controll-ppo_10 --force",
        "mlagents_version": "0.29.0",
        "mlagents_envs_version": "0.29.0",
        "communication_protocol_version": "1.5.0",
        "pytorch_version": "1.7.0+cu110",
        "numpy_version": "1.21.2",
        "end_time_seconds": "1713873576"
    },
    "total": 7256.102463599999,
    "count": 1,
    "self": 0.008192899998903158,
    "children": {
        "run_training.setup": {
            "total": 0.1917914999999999,
            "count": 1,
            "self": 0.1917914999999999
        },
        "TrainerController.start_learning": {
            "total": 7255.9024792,
            "count": 1,
            "self": 14.53175659999124,
            "children": {
                "TrainerController._reset_env": {
                    "total": 9.6394511,
                    "count": 1,
                    "self": 9.6394511
                },
                "TrainerController.advance": {
                    "total": 7231.608967300008,
                    "count": 439150,
                    "self": 7.394004599988875,
                    "children": {
                        "env_step": {
                            "total": 7224.214962700019,
                            "count": 439150,
                            "self": 2888.259632699931,
                            "children": {
                                "SubprocessEnvManager._take_step": {
                                    "total": 4328.784838400087,
                                    "count": 439151,
                                    "self": 39.072773400038386,
                                    "children": {
                                        "TorchPolicy.evaluate": {
                                            "total": 4289.712065000049,
                                            "count": 439151,
                                            "self": 1146.906748199951,
                                            "children": {
                                                "TorchPolicy.sample_actions": {
                                                    "total": 3142.805316800098,
                                                    "count": 439151,
                                                    "self": 3142.805316800098
                                                }
                                            }
                                        }
                                    }
                                },
                                "workers": {
                                    "total": 7.1704916000008865,
                                    "count": 439149,
                                    "self": 0.0,
                                    "children": {
                                        "worker_root": {
                                            "total": 7179.785683299931,
                                            "count": 439149,
                                            "is_parallel": true,