{"count":1,"self":326.3936256,"total":4856.6883327999994,"children":{"InitializeActuators":{"count":9,"self":0.0020004,"total":0.0020004,"children":null},"InitializeSensors":{"count":9,"self":0.0035345,"total":0.0035345,"children":null},"AgentSendState":{"count":284734,"self":173.50110719999998,"total":221.5819047,"children":{"CollectObservations":{"count":2562606,"self":6.7031383999999994,"total":6.7031382,"children":null},"WriteActionMask":{"count":2562606,"self":1.3325576,"total":1.3325576,"children":null},"RequestDecision":{"count":2562606,"self":7.2036856,"total":40.045106499999996,"children":{"AgentInfo.ToProto":{"count":2562606,"self":5.1552884,"total":32.8414212,"children":{"GenerateSensorData":{"count":2562606,"self":22.174337599999998,"total":27.6861328,"children":{"RayPerceptionSensor.Perceive":{"count":2562606,"self":5.5117943999999994,"total":5.5117945,"children":null}}}}}}}}},"DecideAction":{"count":284734,"self":4299.1435776,"total":4299.1434531999994,"children":null},"AgentAct":{"count":284734,"self":9.545312,"total":9.5627342999999989,"children":{"AgentInfo.ToProto":{"count":2133,"self":0.0074918999999999993,"total":0.0174225,"children":{"GenerateSensorData":{"count":2133,"self":0.0098797,"total":0.0099306,"children":{"RayPerceptionSensor.Perceive":{"count":2133,"self":5.09E-05,"total":5.09E-05,"children":null}}}}}}}},"gauges":{"CarControll.CumulativeReward":{"count":2133,"max":2128.22632,"min":-1632.05286,"runningAverage":1423.5321,"value":2041.70667,"weightedAverage":2064.61523}},"metadata":{"timer_format_version":"0.1.0","start_time_seconds":"1713868716","unity_version":"2022.3.16f1","command_line_arguments":"C:\\Program Files\\Unity\\Hub\\Editor\\2022.3.16f1\\Editor\\Unity.exe -projectpath D:\\Unity\\Ai Car Racing -useHub -hubIPC -cloudEnvironment production -licensingIpc LicenseClient-kolai -hubSessionId b6ff849a-6690-483a-9ad7-f167579a4b24 -accessToken 3ZI0Hb7R1incX7t2K0lfyqQbD1EKpqrUE3tJFxFODd0009f","communication_protocol_version":"1.5.0","com.unity.ml-agents_version":"2.0.1","scene_name":"SampleScene","end_time_seconds":"1713873573"}}