{
    "name": "root",
    "gauges": {
        "CarControll.Policy.Entropy.mean": {
            "value": 1.3047235012054443,
            "min": 1.3047235012054443,
            "max": 2.1777310371398926,
            "count": 30
        },
        "CarControll.Policy.Entropy.sum": {
            "value": 131304.765625,
            "min": 131304.765625,
            "max": 219049.265625,
            "count": 30
        },
        "CarControll.Step.mean": {
            "value": 2999952.0,
            "min": 99960.0,
            "max": 2999952.0,
            "count": 30
        },
        "CarControll.Step.sum": {
            "value": 2999952.0,
            "min": 99960.0,
            "max": 2999952.0,
            "count": 30
        },
        "CarControll.Policy.ExtrinsicValueEstimate.mean": {
            "value": 76.37696075439453,
            "min": -16.916980743408203,
            "max": 76.37696075439453,
            "count": 30
        },
        "CarControll.Policy.ExtrinsicValueEstimate.sum": {
            "value": 63622.0078125,
            "min": -13973.4267578125,
            "max": 63622.0078125,
            "count": 30
        },
        "CarControll.Environment.EpisodeLength.mean": {
            "value": 1199.0,
            "min": 1198.888888888889,
            "max": 5094.1,
            "count": 30
        },
        "CarControll.Environment.EpisodeLength.sum": {
            "value": 98318.0,
            "min": 86320.0,
            "max": 407528.0,
            "count": 30
        },
        "CarControll.Environment.CumulativeReward.mean": {
            "value": 1149.5387152636924,
            "min": -356.3142262503505,
            "max": 1149.5387152636924,
            "count": 30
        },
        "CarControll.Environment.CumulativeReward.sum": {
            "value": 94262.17465162277,
            "min": -28505.138100028038,
            "max": 94262.17465162277,
            "count": 30
        },
        "CarControll.Policy.ExtrinsicReward.mean": {
            "value": 1149.5387152636924,
            "min": -356.3142262503505,
            "max": 1149.5387152636924,
            "count": 30
        },
        "CarControll.Policy.ExtrinsicReward.sum": {
            "value": 94262.17465162277,
            "min": -28505.138100028038,
            "max": 94262.17465162277,
            "count": 30
        },
        "CarControll.Losses.PolicyLoss.mean": {
            "value": 0.01633639063065251,
            "min": 0.01433996120467782,
            "max": 0.018636501737249393,
            "count": 30
        },
        "CarControll.Losses.PolicyLoss.sum": {
            "value": 0.08168195315326254,
            "min": 0.06371818320670475,
            "max": 0.09318250868624697,
            "count": 30
        },
        "CarControll.Losses.ValueLoss.mean": {
            "value": 151.70740809122722,
            "min": 17.136346950531006,
            "max": 311.12700826009115,
            "count": 30
        },
        "CarControll.Losses.ValueLoss.sum": {
            "value": 758.5370404561361,
            "min": 85.68173475265503,
            "max": 1555.6350413004557,
            "count": 30
        },
        "CarControll.Policy.LearningRate.mean": {
            "value": 0.0003,
            "min": 0.0003,
            "max": 0.0003,
            "count": 30
        },
        "CarControll.Policy.LearningRate.sum": {
            "value": 0.0014999999999999998,
            "min": 0.0012,
            "max": 0.0014999999999999998,
            "count": 30
        },
        "CarControll.Policy.Epsilon.mean": {
            "value": 0.2000000000000001,
            "min": 0.20000000000000007,
            "max": 0.2000000000000001,
            "count": 30
        },
        "CarControll.Policy.Epsilon.sum": {
            "value": 1.0000000000000004,
            "min": 0.8000000000000003,
            "max": 1.0000000000000004,
            "count": 30
        },
        "CarControll.Policy.Beta.mean": {
            "value": 0.005000000000000001,
            "min": 0.005000000000000001,
            "max": 0.005000000000000001,
            "count": 30
        },
        "CarControll.Policy.Beta.sum": {
            "value": 0.025000000000000005,
            "min": 0.020000000000000004,
            "max": 0.025000000000000005,
            "count": 30
        },
        "CarControll.IsTraining.mean": {
            "value": 1.0,
            "min": 1.0,
            "max": 1.0,
            "count": 30
        },
        "CarControll.IsTraining.sum": {
            "value": 1.0,
            "min": 1.0,
            "max": 1.0,
            "count": 30
        }
    },
    "metadata": {
        "timer_format_version": "0.1.0",
        "start_time_seconds": "1713806292",
        "python_version": "3.7.9 (tags/v3.7.9:13c94747c7, Aug 17 2020, 16:30:00) [MSC v.1900 64 bit (AMD64)]",
        "command_line_arguments": "D:\\Unity\\Ai Car Racing\\venv\\Scripts\\mlagents-learn config/car_controll-ppo.yaml --run-id=car_controll-ppo_8",
        "mlagents_version": "0.29.0",
        "mlagents_envs_version": "0.29.0",
        "communication_protocol_version": "1.5.0",
        "pytorch_version": "1.7.0+cu110",
        "numpy_version": "1.21.2",
        "end_time_seconds": "1713811838"
    },
    "total": 5545.781888699999,
    "count": 1,
    "self": 0.018415799999274896,
    "children": {
        "run_training.setup": {
            "total": 0.29674269999999936,
            "count": 1,
            "self": 0.29674269999999936
        },
        "TrainerController.start_learning": {
            "total": 5545.4667302,
            "count": 1,
            "self": 11.507722799952717,
            "children": {
                "TrainerController._reset_env": {
                    "total": 11.709564899999998,
                    "count": 1,
                    "self": 11.709564899999998
                },
                "TrainerController.advance": {
                    "total": 5522.129409200046,
                    "count": 333434,
                    "self": 5.892081000120015,
                    "children": {
                        "env_step": {
                            "total": 5516.237328199926,
                            "count": 333434,
                            "self": 2265.1929061998844,
                            "children": {
                                "SubprocessEnvManager._take_step": {
                                    "total": 3245.364529099915,
                                    "count": 333435,
                                    "self": 31.034032099917567,
                                    "children": {
                                        "TorchPolicy.evaluate": {
                                            "total": 3214.3304969999976,
                                            "count": 333435,
                                            "self": 924.0047117000922,
                                            "children": {
                                                "TorchPolicy.sample_actions": {
                                                    "total": 2290.3257852999054,
                                                    "count": 333435,
                                                    "self": 2290.3257852999054
                                                }
                                            }
                                        }
                                    }
                                },
                                "workers": {
                                    "total": 5.679892900126596,
                                    "count": 333434,
                                    "self": 0.0,
                                    "children": {
                                        "worker_root": {
                                            "total": 5511.346998500035,
                                            "count": 333434,
                                            "is_parallel": true,