{
    "name": "root",
    "metadata": {
        "timer_format_version": "0.1.0",
        "start_time_seconds": "1713278797",
        "python_version": "3.7.9 (tags/v3.7.9:13c94747c7, Aug 17 2020, 16:30:00) [MSC v.1900 64 bit (AMD64)]",
        "command_line_arguments": "D:\\Unity\\Ai Car Racing\\venv\\Scripts\\mlagents-learn --run-id=Test10",
        "mlagents_version": "0.29.0",
        "mlagents_envs_version": "0.29.0",
        "communication_protocol_version": "1.5.0",
        "pytorch_version": "1.7.0+cu110",
        "numpy_version": "1.21.2",
        "end_time_seconds": "1713278914"
    },
    "total": 117.1666862,
    "count": 1,
    "self": 10.008430100000012,
    "children": {
        "run_training.setup": {
            "total": 0.2966027000000002,
            "count": 1,
            "self": 0.2966027000000002
        },
        "TrainerController.start_learning": {
            "total": 106.8616534,
            "count": 1,
            "self": 0.09212120000032087,
            "children": {
                "TrainerController._reset_env": {
                    "total": 13.009324900000003,
                    "count": 1,
                    "self": 13.009324900000003
                },
                "TrainerController.advance": {
                    "total": 93.52090779999969,
                    "count": 4184,
                    "self": 0.1018444000000045,
                    "children": {
                        "env_step": {
                            "total": 85.53732969999945,
                            "count": 4184,
                            "self": 61.39508739999947,
                            "children": {
                                "SubprocessEnvManager._take_step": {
                                    "total": 24.084333100000165,
                                    "count": 4185,
                                    "self": 0.29008640000046526,
                                    "children": {
                                        "TorchPolicy.evaluate": {
                                            "total": 23.7942466999997,
                                            "count": 4185,
                                            "self": 7.051064099999589,
                                            "children": {
                                                "TorchPolicy.sample_actions": {
                                                    "total": 16.74318260000011,
                                                    "count": 4185,
                                                    "self": 16.74318260000011
                                                }
                                            }
                                        }
                                    }
                                },
                                "workers": {
                                    "total": 0.0579091999998127,
                                    "count": 4183,
                                    "self": 0.0,
                                    "children": {
                                        "worker_root": {
                                            "total": 57.002551999999994,
                                            "count": 4183,
                                            "is_parallel": true,
                                            "self": 41.09538320000012,
                                            "children": {
                                                "steps_from_proto": {
                                                    "total": 0.008609799999996781,
                                                    "count": 2,
                                                    "is_parallel": true,
                                                    "self": 0.003009699999994453,
                                                    "children": {
                                                        "_process_rank_one_or_two_observation": {
                                                            "total": 0.005600100000002328,
                                                            "count": 8,
                                                            "is_parallel": true,
                                                            "self": 0.005600100000002328
                                                        }
                                                    }
                                                },
                                                "UnityEnvironment.step": {
                                                    "total": 15.898558999999878,
                                                    "count": 4183,
                                                    "is_parallel": true,
                                                    "self": 0.5608195999995633,
                                                    "children": {
                                                        "UnityEnvironment._generate_step_input": {
                                                            "total": 0.6144735000001482,
                                                            "count": 4183,
                                                            "is_parallel": true,
                                                            "self": 0.6144735000001482
                                                        },
                                                        "communicator.exchange": {
                                                            "total": 12.866735599999851,
                                                            "count": 4183,
                                                            "is_parallel": true,
                                                            "self": 12.866735599999851
                                                        },
                                                        "steps_from_proto": {
                                                            "total": 1.8565303000003155,
                                                            "count": 4183,
                                                            "is_parallel": true,
                                                            "self": 0.952843300000529,
                                                            "children": {
                                                                "_process_rank_one_or_two_observation": {
                                                                    "total": 0.9036869999997865,
                                                                    "count": 16732,
                                                                    "is_parallel": true,
                                                                    "self": 0.9036869999997865
                                                                }
                                                            }
                                                        }
                                                    }
                                                }
                                            }
                                        }
                                    }
                                }
                            }
                        },
                        "trainer_advance": {
                            "total": 7.881733700000236,
                            "count": 4183,
                            "self": 0.1266120000001898,
                            "children": {
                                "process_trajectory": {
                                    "total": 2.8932701000000307,
                                    "count": 4183,
                                    "self": 2.8932701000000307
                                },
                                "_update_policy": {
                                    "total": 4.861851600000016,